"Background_t123"	"Background_t21"	"File"	"Windows"	"Stat"	"Stat.Mean"	"Stat.SD"	"Dpos"	"DposOutlier"	"ModelType"
"0.4"	"0.2"	"Background_t123-0.4_t21-0.2.10000.sg.csv"	10000	"D"	0.0346694959874525	46.6502716769983	4991	1000	"Null model"
"0.4"	"0.2"	"Background_t123-0.4_t21-0.2.10000.sg.csv"	10000	"fGD0"	Inf	NA	4991	1000	"Null model"
"0.4"	"0.2"	"Background_t123-0.4_t21-0.2.10000.sg.csv"	10000	"fhomD0"	17.5248191912222	26.5560328691068	4991	1000	"Null model"
"0.4"	"0.2"	"Background_t123-0.4_t21-0.2.10000.sg.csv"	10000	"fdD0"	11.8884822749229	11.6434107662861	4991	1000	"Null model"
"0.6"	"0.2"	"Background_t123-0.6_t21-0.2.10000.sg.csv"	10000	"D"	-0.416379093367977	49.8673710101809	4967	1000	"Null model"
"0.6"	"0.2"	"Background_t123-0.6_t21-0.2.10000.sg.csv"	10000	"fGD0"	9.5588530970304	105.438489332553	4967	1000	"Null model"
"0.6"	"0.2"	"Background_t123-0.6_t21-0.2.10000.sg.csv"	10000	"fhomD0"	9.86383776948258	11.1133034071926	4967	1000	"Null model"
"0.6"	"0.2"	"Background_t123-0.6_t21-0.2.10000.sg.csv"	10000	"fdD0"	7.05508275873163	8.0325521621731	4967	1000	"Null model"
"0.6"	"0.4"	"Background_t123-0.6_t21-0.4.10000.sg.csv"	10000	"D"	-0.12270037136536	53.3558161446332	5022	1000	"Null model"
"0.6"	"0.4"	"Background_t123-0.6_t21-0.4.10000.sg.csv"	10000	"fGD0"	Inf	NA	5022	1000	"Null model"
"0.6"	"0.4"	"Background_t123-0.6_t21-0.4.10000.sg.csv"	10000	"fhomD0"	15.1318927925528	14.4137761593572	5022	1000	"Null model"
"0.6"	"0.4"	"Background_t123-0.6_t21-0.4.10000.sg.csv"	10000	"fdD0"	9.73463674701115	9.82181467620065	5022	1000	"Null model"
"0.8"	"0.2"	"Background_t123-0.8_t21-0.2.10000.sg.csv"	10000	"D"	-0.110088696547861	52.031090209619	5003	1000	"Null model"
"0.8"	"0.2"	"Background_t123-0.8_t21-0.2.10000.sg.csv"	10000	"fGD0"	6.20301908755547	9.4883572874971	5003	1000	"Null model"
"0.8"	"0.2"	"Background_t123-0.8_t21-0.2.10000.sg.csv"	10000	"fhomD0"	5.63055609246452	7.43553756938882	5003	1000	"Null model"
"0.8"	"0.2"	"Background_t123-0.8_t21-0.2.10000.sg.csv"	10000	"fdD0"	4.25796657738557	5.62883641923166	5003	1000	"Null model"
"0.8"	"0.4"	"Background_t123-0.8_t21-0.4.10000.sg.csv"	10000	"D"	-0.688328292790436	55.1514784781921	4985	1000	"Null model"
"0.8"	"0.4"	"Background_t123-0.8_t21-0.4.10000.sg.csv"	10000	"fGD0"	9.89600726751254	12.7481374565399	4985	1000	"Null model"
"0.8"	"0.4"	"Background_t123-0.8_t21-0.4.10000.sg.csv"	10000	"fhomD0"	8.91711013627081	10.4498293536264	4985	1000	"Null model"
"0.8"	"0.4"	"Background_t123-0.8_t21-0.4.10000.sg.csv"	10000	"fdD0"	5.95072981977733	7.02841760764913	4985	1000	"Null model"
"0.8"	"0.6"	"Background_t123-0.8_t21-0.6.10000.sg.csv"	10000	"D"	0.563109586845555	56.7334845959257	5124	1000	"Null model"
"0.8"	"0.6"	"Background_t123-0.8_t21-0.6.10000.sg.csv"	10000	"fGD0"	14.6906937056655	24.9101530619922	5124	1000	"Null model"
"0.8"	"0.6"	"Background_t123-0.8_t21-0.6.10000.sg.csv"	10000	"fhomD0"	13.5512545969438	13.5919364022158	5124	1000	"Null model"
"0.8"	"0.6"	"Background_t123-0.8_t21-0.6.10000.sg.csv"	10000	"fdD0"	8.46048957513271	9.01823161364052	5124	1000	"Null model"
"1.0"	"0.2"	"Background_t123-1.0_t21-0.2.10000.sg.csv"	10000	"D"	-1.43117176151024	53.2987651012031	4933	1000	"Null model"
"1.0"	"0.2"	"Background_t123-1.0_t21-0.2.10000.sg.csv"	10000	"fGD0"	3.82367807593554	5.69965949535005	4933	1000	"Null model"
"1.0"	"0.2"	"Background_t123-1.0_t21-0.2.10000.sg.csv"	10000	"fhomD0"	3.52159983609568	5.20981512219374	4933	1000	"Null model"
"1.0"	"0.2"	"Background_t123-1.0_t21-0.2.10000.sg.csv"	10000	"fdD0"	2.74701233830326	3.98893509018144	4933	1000	"Null model"
"1.0"	"0.4"	"Background_t123-1.0_t21-0.4.10000.sg.csv"	10000	"D"	-0.419152113341945	56.3668882431658	4974	1000	"Null model"
"1.0"	"0.4"	"Background_t123-1.0_t21-0.4.10000.sg.csv"	10000	"fGD0"	6.24121640824286	8.68472136542024	4974	1000	"Null model"
"1.0"	"0.4"	"Background_t123-1.0_t21-0.4.10000.sg.csv"	10000	"fhomD0"	5.825913120961	7.68037913742239	4974	1000	"Null model"
"1.0"	"0.4"	"Background_t123-1.0_t21-0.4.10000.sg.csv"	10000	"fdD0"	4.04876467679131	5.30051090218068	4974	1000	"Null model"
"1.0"	"0.6"	"Background_t123-1.0_t21-0.6.10000.sg.csv"	10000	"D"	-0.446013613129899	56.114570850632	5010	1000	"Null model"
"1.0"	"0.6"	"Background_t123-1.0_t21-0.6.10000.sg.csv"	10000	"fGD0"	8.74859360589621	10.3789729083053	5010	1000	"Null model"
"1.0"	"0.6"	"Background_t123-1.0_t21-0.6.10000.sg.csv"	10000	"fhomD0"	8.09516819653892	9.56516801471223	5010	1000	"Null model"
"1.0"	"0.6"	"Background_t123-1.0_t21-0.6.10000.sg.csv"	10000	"fdD0"	5.18816751088822	6.27532288633288	5010	1000	"Null model"
"1.0"	"0.8"	"Background_t123-1.0_t21-0.8.10000.sg.csv"	10000	"D"	0.776426142002416	57.8601247364428	5094	1000	"Null model"
"1.0"	"0.8"	"Background_t123-1.0_t21-0.8.10000.sg.csv"	10000	"fGD0"	12.5170183694444	13.5942327975413	5094	1000	"Null model"
"1.0"	"0.8"	"Background_t123-1.0_t21-0.8.10000.sg.csv"	10000	"fhomD0"	11.5899703237966	11.7572667039571	5094	1000	"Null model"
"1.0"	"0.8"	"Background_t123-1.0_t21-0.8.10000.sg.csv"	10000	"fdD0"	7.05495568692776	7.49745491517337	5094	1000	"Null model"
"1.2"	"0.2"	"Background_t123-1.2_t21-0.2.10000.sg.csv"	10000	"D"	0.119978856081417	53.8408776890313	5094	1000	"Null model"
"1.2"	"0.2"	"Background_t123-1.2_t21-0.2.10000.sg.csv"	10000	"fGD0"	2.46963946980565	3.95520298616465	5094	1000	"Null model"
"1.2"	"0.2"	"Background_t123-1.2_t21-0.2.10000.sg.csv"	10000	"fhomD0"	2.30612899121123	3.68404211302391	5094	1000	"Null model"
"1.2"	"0.2"	"Background_t123-1.2_t21-0.2.10000.sg.csv"	10000	"fdD0"	1.85227373091873	2.87656551673356	5094	1000	"Null model"
"1.2"	"0.4"	"Background_t123-1.2_t21-0.4.10000.sg.csv"	10000	"D"	1.05216307580953	55.7039432757922	5115	1000	"Null model"
"1.2"	"0.4"	"Background_t123-1.2_t21-0.4.10000.sg.csv"	10000	"fGD0"	3.82757909332551	5.6258571528668	5115	1000	"Null model"
"1.2"	"0.4"	"Background_t123-1.2_t21-0.4.10000.sg.csv"	10000	"fhomD0"	3.59247868568328	5.26145165720191	5115	1000	"Null model"
"1.2"	"0.4"	"Background_t123-1.2_t21-0.4.10000.sg.csv"	10000	"fdD0"	2.58343121805963	3.72375017600293	5115	1000	"Null model"
"1.2"	"0.6"	"Background_t123-1.2_t21-0.6.10000.sg.csv"	10000	"D"	-0.331814680831967	56.4601849327609	5032	1000	"Null model"
"1.2"	"0.6"	"Background_t123-1.2_t21-0.6.10000.sg.csv"	10000	"fGD0"	5.42422973622417	7.11665742018914	5032	1000	"Null model"
"1.2"	"0.6"	"Background_t123-1.2_t21-0.6.10000.sg.csv"	10000	"fhomD0"	5.0903968672496	6.68442674023564	5032	1000	"Null model"
"1.2"	"0.6"	"Background_t123-1.2_t21-0.6.10000.sg.csv"	10000	"fdD0"	3.35817371567766	4.41542390907876	5032	1000	"Null model"
"1.2"	"0.8"	"Background_t123-1.2_t21-0.8.10000.sg.csv"	10000	"D"	-0.440641275906452	57.1795447132277	4977	1000	"Null model"
"1.2"	"0.8"	"Background_t123-1.2_t21-0.8.10000.sg.csv"	10000	"fGD0"	7.65635807278059	8.92500310743161	4977	1000	"Null model"
"1.2"	"0.8"	"Background_t123-1.2_t21-0.8.10000.sg.csv"	10000	"fhomD0"	7.23017060441471	8.41589775383041	4977	1000	"Null model"
"1.2"	"0.8"	"Background_t123-1.2_t21-0.8.10000.sg.csv"	10000	"fdD0"	4.48369686704923	5.33373747781657	4977	1000	"Null model"
"1.2"	"1.0"	"Background_t123-1.2_t21-1.0.10000.sg.csv"	10000	"D"	-1.33910405359704	58.0450694808452	4906	1000	"Null model"
"1.2"	"1.0"	"Background_t123-1.2_t21-1.0.10000.sg.csv"	10000	"fGD0"	11.1184117388748	11.3636750812802	4906	1000	"Null model"
"1.2"	"1.0"	"Background_t123-1.2_t21-1.0.10000.sg.csv"	10000	"fhomD0"	10.4817356803526	10.7217524738505	4906	1000	"Null model"
"1.2"	"1.0"	"Background_t123-1.2_t21-1.0.10000.sg.csv"	10000	"fdD0"	6.25587311174888	6.74677107244294	4906	1000	"Null model"
"1.4"	"0.2"	"Background_t123-1.4_t21-0.2.10000.sg.csv"	10000	"D"	0.120304101932946	53.9764712739701	5070	1000	"Null model"
"1.4"	"0.2"	"Background_t123-1.4_t21-0.2.10000.sg.csv"	10000	"fGD0"	1.65629973577515	2.54614604237138	5070	1000	"Null model"
"1.4"	"0.2"	"Background_t123-1.4_t21-0.2.10000.sg.csv"	10000	"fhomD0"	1.56669803791124	2.40631992372656	5070	1000	"Null model"
"1.4"	"0.2"	"Background_t123-1.4_t21-0.2.10000.sg.csv"	10000	"fdD0"	1.27561611338856	1.85214549994192	5070	1000	"Null model"
"1.4"	"0.4"	"Background_t123-1.4_t21-0.4.10000.sg.csv"	10000	"D"	1.09156774945343	56.5075533440817	5166	1000	"Null model"
"1.4"	"0.4"	"Background_t123-1.4_t21-0.4.10000.sg.csv"	10000	"fGD0"	2.65020745993709	4.17161461076169	5166	1000	"Null model"
"1.4"	"0.4"	"Background_t123-1.4_t21-0.4.10000.sg.csv"	10000	"fhomD0"	2.52034972926984	3.975409956287	5166	1000	"Null model"
"1.4"	"0.4"	"Background_t123-1.4_t21-0.4.10000.sg.csv"	10000	"fdD0"	1.86008976452207	2.85703112352435	5166	1000	"Null model"
"1.4"	"0.6"	"Background_t123-1.4_t21-0.6.10000.sg.csv"	10000	"D"	0.742029215103387	56.1712333990183	5102	1000	"Null model"
"1.4"	"0.6"	"Background_t123-1.4_t21-0.6.10000.sg.csv"	10000	"fGD0"	3.61985459172481	5.12654323947179	5102	1000	"Null model"
"1.4"	"0.6"	"Background_t123-1.4_t21-0.6.10000.sg.csv"	10000	"fhomD0"	3.44251009375735	4.89352021845764	5102	1000	"Null model"
"1.4"	"0.6"	"Background_t123-1.4_t21-0.6.10000.sg.csv"	10000	"fdD0"	2.34269327077029	3.29541775126912	5102	1000	"Null model"
"1.4"	"0.8"	"Background_t123-1.4_t21-0.8.10000.sg.csv"	10000	"D"	-0.121740426221423	57.0859731222629	5016	1000	"Null model"
"1.4"	"0.8"	"Background_t123-1.4_t21-0.8.10000.sg.csv"	10000	"fGD0"	5.31856590794079	7.02739311465204	5016	1000	"Null model"
"1.4"	"0.8"	"Background_t123-1.4_t21-0.8.10000.sg.csv"	10000	"fhomD0"	5.05073755097967	6.67515805185584	5016	1000	"Null model"
"1.4"	"0.8"	"Background_t123-1.4_t21-0.8.10000.sg.csv"	10000	"fdD0"	3.22125998045833	4.27913747791915	5016	1000	"Null model"
"1.4"	"1.0"	"Background_t123-1.4_t21-1.0.10000.sg.csv"	10000	"D"	0.948242660294138	56.8176164318434	5129	1000	"Null model"
"1.4"	"1.0"	"Background_t123-1.4_t21-1.0.10000.sg.csv"	10000	"fGD0"	7.02846947180542	8.2310365479796	5129	1000	"Null model"
"1.4"	"1.0"	"Background_t123-1.4_t21-1.0.10000.sg.csv"	10000	"fhomD0"	6.70141053540651	7.85604531952718	5129	1000	"Null model"
"1.4"	"1.0"	"Background_t123-1.4_t21-1.0.10000.sg.csv"	10000	"fdD0"	4.07012959957731	4.89238288140582	5129	1000	"Null model"
"1.4"	"1.2"	"Background_t123-1.4_t21-1.2.10000.sg.csv"	10000	"D"	-0.605118731913597	57.2779423289178	4981	1000	"Null model"
"1.4"	"1.2"	"Background_t123-1.4_t21-1.2.10000.sg.csv"	10000	"fGD0"	9.48410173414174	9.86947104371218	4981	1000	"Null model"
"1.4"	"1.2"	"Background_t123-1.4_t21-1.2.10000.sg.csv"	10000	"fhomD0"	9.04773276483638	9.4318646324315	4981	1000	"Null model"
"1.4"	"1.2"	"Background_t123-1.4_t21-1.2.10000.sg.csv"	10000	"fdD0"	5.34131706354065	5.86483998395598	4981	1000	"Null model"
"1.6"	"0.2"	"Background_t123-1.6_t21-0.2.10000.sg.csv"	10000	"D"	-0.471850133435429	54.7173747176841	5024	1000	"Null model"
"1.6"	"0.2"	"Background_t123-1.6_t21-0.2.10000.sg.csv"	10000	"fGD0"	1.21251765227747	1.9625596698354	5024	1000	"Null model"
"1.6"	"0.2"	"Background_t123-1.6_t21-0.2.10000.sg.csv"	10000	"fhomD0"	1.15758767037281	1.8739955169106	5024	1000	"Null model"
"1.6"	"0.2"	"Background_t123-1.6_t21-0.2.10000.sg.csv"	10000	"fdD0"	0.963582899829618	1.4853087624748	5024	1000	"Null model"
"1.6"	"0.4"	"Background_t123-1.6_t21-0.4.10000.sg.csv"	10000	"D"	-1.19094463572251	55.9079823418489	5007	1000	"Null model"
"1.6"	"0.4"	"Background_t123-1.6_t21-0.4.10000.sg.csv"	10000	"fGD0"	1.75894428478131	2.75362439824655	5007	1000	"Null model"
"1.6"	"0.4"	"Background_t123-1.6_t21-0.4.10000.sg.csv"	10000	"fhomD0"	1.68422814395806	2.63895870121182	5007	1000	"Null model"
"1.6"	"0.4"	"Background_t123-1.6_t21-0.4.10000.sg.csv"	10000	"fdD0"	1.2738986757855	1.88924357837482	5007	1000	"Null model"
"1.6"	"0.6"	"Background_t123-1.6_t21-0.6.10000.sg.csv"	10000	"D"	-0.16559703876971	56.1629829793215	5041	1000	"Null model"
"1.6"	"0.6"	"Background_t123-1.6_t21-0.6.10000.sg.csv"	10000	"fGD0"	2.45535923966277	3.64310010610023	5041	1000	"Null model"
"1.6"	"0.6"	"Background_t123-1.6_t21-0.6.10000.sg.csv"	10000	"fhomD0"	2.34714537764075	3.48398194068319	5041	1000	"Null model"
"1.6"	"0.6"	"Background_t123-1.6_t21-0.6.10000.sg.csv"	10000	"fdD0"	1.63805125601627	2.36041206655644	5041	1000	"Null model"
"1.6"	"0.8"	"Background_t123-1.6_t21-0.8.10000.sg.csv"	10000	"D"	0.770300988306776	55.8616548214132	5160	1000	"Null model"
"1.6"	"0.8"	"Background_t123-1.6_t21-0.8.10000.sg.csv"	10000	"fGD0"	3.4375479973062	4.87558015203216	5160	1000	"Null model"
"1.6"	"0.8"	"Background_t123-1.6_t21-0.8.10000.sg.csv"	10000	"fhomD0"	3.28979809596705	4.66888752282591	5160	1000	"Null model"
"1.6"	"0.8"	"Background_t123-1.6_t21-0.8.10000.sg.csv"	10000	"fdD0"	2.15429538887016	3.06435124352669	5160	1000	"Null model"
"1.6"	"1.0"	"Background_t123-1.6_t21-1.0.10000.sg.csv"	10000	"D"	0.303469362334546	55.977159649319	5062	1000	"Null model"
"1.6"	"1.0"	"Background_t123-1.6_t21-1.0.10000.sg.csv"	10000	"fGD0"	4.64933896218886	6.16407358871147	5062	1000	"Null model"
"1.6"	"1.0"	"Background_t123-1.6_t21-1.0.10000.sg.csv"	10000	"fhomD0"	4.44638824414263	5.89728927714151	5062	1000	"Null model"
"1.6"	"1.0"	"Background_t123-1.6_t21-1.0.10000.sg.csv"	10000	"fdD0"	2.75136828859739	3.65979129369888	5062	1000	"Null model"
"1.6"	"1.2"	"Background_t123-1.6_t21-1.2.10000.sg.csv"	10000	"D"	0.237689004731995	56.0966318388128	5053	1000	"Null model"
"1.6"	"1.2"	"Background_t123-1.6_t21-1.2.10000.sg.csv"	10000	"fGD0"	6.30409671249753	7.4207056693085	5053	1000	"Null model"
"1.6"	"1.2"	"Background_t123-1.6_t21-1.2.10000.sg.csv"	10000	"fhomD0"	6.04911768908569	7.13335012960538	5053	1000	"Null model"
"1.6"	"1.2"	"Background_t123-1.6_t21-1.2.10000.sg.csv"	10000	"fdD0"	3.59757816325213	4.37543686743239	5053	1000	"Null model"
"1.6"	"1.4"	"Background_t123-1.6_t21-1.4.10000.sg.csv"	10000	"D"	-0.0817178995315326	56.7586272770229	5031	1000	"Null model"
"1.6"	"1.4"	"Background_t123-1.6_t21-1.4.10000.sg.csv"	10000	"fGD0"	8.44724272505069	8.95722173876168	5031	1000	"Null model"
"1.6"	"1.4"	"Background_t123-1.6_t21-1.4.10000.sg.csv"	10000	"fhomD0"	8.11424573589545	8.60760831505309	5031	1000	"Null model"
"1.6"	"1.4"	"Background_t123-1.6_t21-1.4.10000.sg.csv"	10000	"fdD0"	4.69573706931425	5.22241405682612	5031	1000	"Null model"
"1.8"	"0.2"	"Background_t123-1.8_t21-0.2.10000.sg.csv"	10000	"D"	-0.905410581685973	54.2657397213579	4990	1000	"Null model"
"1.8"	"0.2"	"Background_t123-1.8_t21-0.2.10000.sg.csv"	10000	"fGD0"	0.925625132094188	1.37869855665497	4990	1000	"Null model"
"1.8"	"0.2"	"Background_t123-1.8_t21-0.2.10000.sg.csv"	10000	"fhomD0"	0.888838222120241	1.32025412992038	4990	1000	"Null model"
"1.8"	"0.2"	"Background_t123-1.8_t21-0.2.10000.sg.csv"	10000	"fdD0"	0.756085993007014	1.07224451611217	4990	1000	"Null model"
"1.8"	"0.4"	"Background_t123-1.8_t21-0.4.10000.sg.csv"	10000	"D"	-0.638951054350407	55.2984415766559	4979	1000	"Null model"
"1.8"	"0.4"	"Background_t123-1.8_t21-0.4.10000.sg.csv"	10000	"fGD0"	1.35241911710143	2.15608575921689	4979	1000	"Null model"
"1.8"	"0.4"	"Background_t123-1.8_t21-0.4.10000.sg.csv"	10000	"fhomD0"	1.29940386936493	2.07304670020901	4979	1000	"Null model"
"1.8"	"0.4"	"Background_t123-1.8_t21-0.4.10000.sg.csv"	10000	"fdD0"	1.00739898782286	1.52122164209542	4979	1000	"Null model"
"1.8"	"0.6"	"Background_t123-1.8_t21-0.6.10000.sg.csv"	10000	"D"	-0.278521151749677	55.7878415296576	5041	1000	"Null model"
"1.8"	"0.6"	"Background_t123-1.8_t21-0.6.10000.sg.csv"	10000	"fGD0"	1.87539021947629	2.92267798626762	5041	1000	"Null model"
"1.8"	"0.6"	"Background_t123-1.8_t21-0.6.10000.sg.csv"	10000	"fhomD0"	1.79915454670899	2.79998413574012	5041	1000	"Null model"
"1.8"	"0.6"	"Background_t123-1.8_t21-0.6.10000.sg.csv"	10000	"fdD0"	1.28782256386114	1.93604849707771	5041	1000	"Null model"
"1.8"	"0.8"	"Background_t123-1.8_t21-0.8.10000.sg.csv"	10000	"D"	0.049047658369215	55.0684908989669	4992	1000	"Null model"
"1.8"	"0.8"	"Background_t123-1.8_t21-0.8.10000.sg.csv"	10000	"fGD0"	2.50965492832332	3.87229020035765	4992	1000	"Null model"
"1.8"	"0.8"	"Background_t123-1.8_t21-0.8.10000.sg.csv"	10000	"fhomD0"	2.41212643484776	3.70667819285327	4992	1000	"Null model"
"1.8"	"0.8"	"Background_t123-1.8_t21-0.8.10000.sg.csv"	10000	"fdD0"	1.619548532248	2.4312105087922	4992	1000	"Null model"
"1.8"	"1.0"	"Background_t123-1.8_t21-1.0.10000.sg.csv"	10000	"D"	0.715726395686895	55.1200008193585	5065	1000	"Null model"
"1.8"	"1.0"	"Background_t123-1.8_t21-1.0.10000.sg.csv"	10000	"fGD0"	3.26756536394867	4.59827250129525	5065	1000	"Null model"
"1.8"	"1.0"	"Background_t123-1.8_t21-1.0.10000.sg.csv"	10000	"fhomD0"	3.14613845148865	4.42420269382419	5065	1000	"Null model"
"1.8"	"1.0"	"Background_t123-1.8_t21-1.0.10000.sg.csv"	10000	"fdD0"	1.99852602040987	2.80536092936275	5065	1000	"Null model"
"1.8"	"1.2"	"Background_t123-1.8_t21-1.2.10000.sg.csv"	10000	"D"	0.226941615408209	54.6920110066286	5062	1000	"Null model"
"1.8"	"1.2"	"Background_t123-1.8_t21-1.2.10000.sg.csv"	10000	"fGD0"	4.31630507631964	5.68963305095518	5062	1000	"Null model"
"1.8"	"1.2"	"Background_t123-1.8_t21-1.2.10000.sg.csv"	10000	"fhomD0"	4.15721068112801	5.487027940032	5062	1000	"Null model"
"1.8"	"1.2"	"Background_t123-1.8_t21-1.2.10000.sg.csv"	10000	"fdD0"	2.52591221261142	3.37681924728273	5062	1000	"Null model"
"1.8"	"1.4"	"Background_t123-1.8_t21-1.4.10000.sg.csv"	10000	"D"	0.16565850984125	54.9571209669752	5040	1000	"Null model"
"1.8"	"1.4"	"Background_t123-1.8_t21-1.4.10000.sg.csv"	10000	"fGD0"	5.72446458446429	6.71169027852373	5040	1000	"Null model"
"1.8"	"1.4"	"Background_t123-1.8_t21-1.4.10000.sg.csv"	10000	"fhomD0"	5.52387246972024	6.50607923936631	5040	1000	"Null model"
"1.8"	"1.4"	"Background_t123-1.8_t21-1.4.10000.sg.csv"	10000	"fdD0"	3.23888150624444	3.93150106816242	5040	1000	"Null model"
"1.8"	"1.6"	"Background_t123-1.8_t21-1.6.10000.sg.csv"	10000	"D"	0.658807459996644	55.35155545117	5082	1000	"Null model"
"1.8"	"1.6"	"Background_t123-1.8_t21-1.6.10000.sg.csv"	10000	"fGD0"	7.65529942709563	8.16345354855297	5082	1000	"Null model"
"1.8"	"1.6"	"Background_t123-1.8_t21-1.6.10000.sg.csv"	10000	"fhomD0"	7.39125313400039	7.89712789174775	5082	1000	"Null model"
"1.8"	"1.6"	"Background_t123-1.8_t21-1.6.10000.sg.csv"	10000	"fdD0"	4.24624325085321	4.75157804521454	5082	1000	"Null model"
"2.0"	"0.2"	"Background_t123-2.0_t21-0.2.10000.sg.csv"	10000	"D"	-0.0740922675684647	54.7958914718406	5057	1000	"Null model"
"2.0"	"0.2"	"Background_t123-2.0_t21-0.2.10000.sg.csv"	10000	"fGD0"	0.766483896592842	1.16556876379349	5057	1000	"Null model"
"2.0"	"0.2"	"Background_t123-2.0_t21-0.2.10000.sg.csv"	10000	"fhomD0"	0.740666008874827	1.1301886319114	5057	1000	"Null model"
"2.0"	"0.2"	"Background_t123-2.0_t21-0.2.10000.sg.csv"	10000	"fdD0"	0.636535782453233	0.91156152246984	5057	1000	"Null model"
"2.0"	"0.4"	"Background_t123-2.0_t21-0.4.10000.sg.csv"	10000	"D"	-0.278164653189383	55.7778643928434	5059	1000	"Null model"
"2.0"	"0.4"	"Background_t123-2.0_t21-0.4.10000.sg.csv"	10000	"fGD0"	1.09454177585689	1.6424357719337	5059	1000	"Null model"
"2.0"	"0.4"	"Background_t123-2.0_t21-0.4.10000.sg.csv"	10000	"fhomD0"	1.05527695555446	1.58505025105842	5059	1000	"Null model"
"2.0"	"0.4"	"Background_t123-2.0_t21-0.4.10000.sg.csv"	10000	"fdD0"	0.833529913976675	1.18348370321162	5059	1000	"Null model"
"2.0"	"0.6"	"Background_t123-2.0_t21-0.6.10000.sg.csv"	10000	"D"	0.0455747025118994	55.7066718723009	5081	1000	"Null model"
"2.0"	"0.6"	"Background_t123-2.0_t21-0.6.10000.sg.csv"	10000	"fGD0"	1.40010942666798	2.02091775362933	5081	1000	"Null model"
"2.0"	"0.6"	"Background_t123-2.0_t21-0.6.10000.sg.csv"	10000	"fhomD0"	1.35139945580004	1.95154837356371	5081	1000	"Null model"
"2.0"	"0.6"	"Background_t123-2.0_t21-0.6.10000.sg.csv"	10000	"fdD0"	0.999767067272978	1.39489253263485	5081	1000	"Null model"
"2.0"	"0.8"	"Background_t123-2.0_t21-0.8.10000.sg.csv"	10000	"D"	-0.498618690366425	55.240617113068	4990	1000	"Null model"
"2.0"	"0.8"	"Background_t123-2.0_t21-0.8.10000.sg.csv"	10000	"fGD0"	1.86173198617114	2.72930436398351	4990	1000	"Null model"
"2.0"	"0.8"	"Background_t123-2.0_t21-0.8.10000.sg.csv"	10000	"fhomD0"	1.79967930167535	2.63272844850068	4990	1000	"Null model"
"2.0"	"0.8"	"Background_t123-2.0_t21-0.8.10000.sg.csv"	10000	"fdD0"	1.23384027672846	1.73927122207563	4990	1000	"Null model"
"2.0"	"1.0"	"Background_t123-2.0_t21-1.0.10000.sg.csv"	10000	"D"	0.400539115648054	53.883012932641	5105	1000	"Null model"
"2.0"	"1.0"	"Background_t123-2.0_t21-1.0.10000.sg.csv"	10000	"fGD0"	2.28132899110088	3.15079289658598	5105	1000	"Null model"
"2.0"	"1.0"	"Background_t123-2.0_t21-1.0.10000.sg.csv"	10000	"fhomD0"	2.20277913621547	3.04676497638498	5105	1000	"Null model"
"2.0"	"1.0"	"Background_t123-2.0_t21-1.0.10000.sg.csv"	10000	"fdD0"	1.42787742202644	1.91631203940242	5105	1000	"Null model"
"2.0"	"1.2"	"Background_t123-2.0_t21-1.2.10000.sg.csv"	10000	"D"	0.106948036606649	53.554945816888	4988	1000	"Null model"
"2.0"	"1.2"	"Background_t123-2.0_t21-1.2.10000.sg.csv"	10000	"fGD0"	3.07528210505413	4.11969204580149	4988	1000	"Null model"
"2.0"	"1.2"	"Background_t123-2.0_t21-1.2.10000.sg.csv"	10000	"fhomD0"	2.97427123267041	3.99661872378066	4988	1000	"Null model"
"2.0"	"1.2"	"Background_t123-2.0_t21-1.2.10000.sg.csv"	10000	"fdD0"	1.84589410129892	2.4881415331609	4988	1000	"Null model"
"2.0"	"1.4"	"Background_t123-2.0_t21-1.4.10000.sg.csv"	10000	"D"	-0.475744688340488	53.2293440018048	4991	1000	"Null model"
"2.0"	"1.4"	"Background_t123-2.0_t21-1.4.10000.sg.csv"	10000	"fGD0"	3.86521836298497	5.03721765083449	4991	1000	"Null model"
"2.0"	"1.4"	"Background_t123-2.0_t21-1.4.10000.sg.csv"	10000	"fhomD0"	3.74045538046684	4.888427974132	4991	1000	"Null model"
"2.0"	"1.4"	"Background_t123-2.0_t21-1.4.10000.sg.csv"	10000	"fdD0"	2.23817310503126	2.98333939863516	4991	1000	"Null model"
"2.0"	"1.6"	"Background_t123-2.0_t21-1.6.10000.sg.csv"	10000	"D"	0.178257363063293	53.9175482165343	5087	1000	"Null model"
"2.0"	"1.6"	"Background_t123-2.0_t21-1.6.10000.sg.csv"	10000	"fGD0"	5.24278096211716	6.20844023601251	5087	1000	"Null model"
"2.0"	"1.6"	"Background_t123-2.0_t21-1.6.10000.sg.csv"	10000	"fhomD0"	5.0717623154885	6.01553781768081	5087	1000	"Null model"
"2.0"	"1.6"	"Background_t123-2.0_t21-1.6.10000.sg.csv"	10000	"fdD0"	2.93401928518832	3.56787219718973	5087	1000	"Null model"
"2.0"	"1.8"	"Background_t123-2.0_t21-1.8.10000.sg.csv"	10000	"D"	0.145689350020313	55.1719403532595	5030	1000	"Null model"
"2.0"	"1.8"	"Background_t123-2.0_t21-1.8.10000.sg.csv"	10000	"fGD0"	7.24082499751889	7.80921058979179	5030	1000	"Null model"
"2.0"	"1.8"	"Background_t123-2.0_t21-1.8.10000.sg.csv"	10000	"fhomD0"	7.01844977309742	7.57703076328537	5030	1000	"Null model"
"2.0"	"1.8"	"Background_t123-2.0_t21-1.8.10000.sg.csv"	10000	"fdD0"	4.00179828335288	4.53444884589823	5030	1000	"Null model"
